{"bbr": {"1": {"all": {"tput": 28.27169873210732, "delay": 152.491, "loss": 0.13335429329682502}, "1": {"tput": 28.27169873210732, "delay": 152.491, "loss": 0.13335429329682502}}}, "cubic": {"1": {"all": {"tput": 14.521897977871777, "delay": 132.271, "loss": 0.04398784148115931}, "1": {"tput": 14.521897977871777, "delay": 132.271, "loss": 0.04398784148115931}}}, "vegas": {"1": {"all": {"tput": 4.616717041952403, "delay": 399.521, "loss": 0.04031297080385843}, "1": {"tput": 4.616717041952403, "delay": 399.521, "loss": 0.04031297080385843}}}}