{"cubic": {"1": {"all": {"tput": 0.9420839277120205, "delay": 10424.869, "loss": 0.28146866539640736}, "1": {"tput": 0.9420839277120205, "delay": 10424.869, "loss": 0.28146866539640736}}}, "fillp": {"1": {"all": {"tput": 0.8531646690983671, "delay": 5075.955, "loss": 0.035305157968600676}, "1": {"tput": 0.8531646690983671, "delay": 5075.955, "loss": 0.035305157968600676}}}, "vivace": {"1": {"all": {"tput": 0.9408426264687729, "delay": 10774.729, "loss": 0.3473700028491915}, "1": {"tput": 0.9408426264687729, "delay": 10774.729, "loss": 0.3473700028491915}}}}