{"fillp": {"1": {"all": {"tput": 0.7646484943789187, "delay": 1043.013, "loss": 0.03923031706878455}, "1": {"tput": 0.7646484943789187, "delay": 1043.013, "loss": 0.03923031706878455}}}}