{"vivace": {"1": {"all": {"tput": 0.9406540564356533, "delay": 10722.143, "loss": 0.3450540381624936}, "1": {"tput": 0.9406540564356533, "delay": 10722.143, "loss": 0.3450540381624936}}}}